Workbook

Sheet Sheet1
A1: 0 | B1: 46279 | C1: - | D1: - | E1: 0 | F1: =196 -> 196
A2: Day(1-15) | B2: Date | C2: Time | D2: Day(Monday - Friday) | E2: Vacant Table | F2: OccupiedTable | G2: Kamphaeng Saen Temperature Condition | H2: Rain and Flood Condition(Nakhon Pathom) | I2: Daily Maximum Temperature(Nakhon Pathom) | J2: Daily Rainfall (mm) (Nakhon Pathom) | L2: Note
A3: 1 | B3: 46280 | C3: 0.5 | D3: TuesDay | E3: 40 | F3: =196-Sheet1!$E3 -> 156 | G3: Not Hot | H3: No Flooding | I3: 33.5 | J3: 0.9 | L3: TotalTableจำนวนโต๊ะทั้งหมด = 196
A4: 1 | C4: 0.50347222 | D4: TuesDay | E4: 26 | F4: =196-Sheet1!$E4 -> 170 | G4: Not Hot | H4: No Flooding | I4: 33.5 | J4: 0.9
A5: 1 | C5: 0.50694444 | D5: TuesDay | E5: 13 | F5: =196-Sheet1!$E5 -> 183 | G5: Not Hot | H5: No Flooding | I5: 33.5 | J5: 0.9
A6: 1 | C6: 0.51041667 | D6: TuesDay | E6: 18 | F6: =196-Sheet1!$E6 -> 178 | G6: Not Hot | H6: No Flooding | I6: 33.5 | J6: 0.9
A7: 1 | C7: 0.51388889 | D7: TuesDay | E7: 28 | F7: =196-Sheet1!$E7 -> 168 | G7: Not Hot | H7: No Flooding | I7: 33.5 | J7: 0.9
A8: 1 | C8: 0.51736111 | D8: TuesDay | E8: 45 | F8: =196-Sheet1!$E8 -> 151 | G8: Not Hot | H8: No Flooding | I8: 33.5 | J8: 0.9
A9: 1 | C9: 0.52083333 | D9: TuesDay | E9: 61 | F9: =196-Sheet1!$E9 -> 135 | G9: Not Hot | H9: No Flooding | I9: 33.5 | J9: 0.9
A10: 1 | C10: 0.52430556 | D10: TuesDay | E10: 79 | F10: =196-Sheet1!$E10 -> 117 | G10: Not Hot | H10: No Flooding | I10: 33.5 | J10: 0.9
A11: 1 | C11: 0.52777778 | D11: TuesDay | E11: 99 | F11: =196-Sheet1!$E11 -> 97 | G11: Not Hot | H11: No Flooding | I11: 33.5 | J11: 0.9
A12: 1 | C12: 0.53125 | D12: TuesDay | E12: =129 -> 129 | F12: =196-Sheet1!$E12 -> 67 | G12: Not Hot | H12: No Flooding | I12: 33.5 | J12: 0.9
A13: 1 | C13: 0.53472222 | D13: TuesDay | E13: 150 | F13: =196-Sheet1!$E13 -> 46 | G13: Not Hot | H13: No Flooding | I13: 33.5 | J13: 0.9
A14: 1 | C14: 0.53819444 | D14: TuesDay | E14: 153 | F14: =196-Sheet1!$E14 -> 43 | G14: Not Hot | H14: No Flooding | I14: 33.5 | J14: 0.9
A15: 2 | B15: 46281 | C15: 0.5 | D15: Wednesday | E15: 30 | F15: =196-Sheet1!$E15 -> 166 | G15: Hot | H15: No Flooding | I15: 35.3 | J15: 9
A16: 2 | C16: 0.50347222 | D16: Wednesday | E16: 28 | F16: =196-Sheet1!$E16 -> 168 | G16: Hot | H16: No Flooding | I16: 35.3 | J16: 9
A17: 2 | C17: 0.50694444 | D17: Wednesday | E17: 11 | F17: =196-Sheet1!$E17 -> 185 | G17: Hot | H17: No Flooding | I17: 35.3 | J17: 9
A18: 2 | C18: 0.51041667 | D18: Wednesday | E18: 20 | F18: =196-Sheet1!$E18 -> 176 | G18: Hot | H18: No Flooding | I18: 35.3 | J18: 9
A19: 2 | C19: 0.51388889 | D19: Wednesday | E19: 15 | F19: =196-Sheet1!$E19 -> 181 | G19: Hot | H19: No Flooding | I19: 35.3 | J19: 9
A20: 2 | C20: 0.51736111 | D20: Wednesday | E20: 32 | F20: =196-Sheet1!$E20 -> 164 | G20: Hot | H20: No Flooding | I20: 35.3 | J20: 9
A21: 2 | C21: 0.52083333 | D21: Wednesday | E21: 43 | F21: =196-Sheet1!$E21 -> 153 | G21: Hot | H21: No Flooding | I21: 35.3 | J21: 9
A22: 2 | C22: 0.52430556 | D22: Wednesday | E22: 63 | F22: =196-Sheet1!$E22 -> 133 | G22: Hot | H22: No Flooding | I22: 35.3 | J22: 9
A23: 2 | C23: 0.52777778 | D23: Wednesday | E23: 83 | F23: =196-Sheet1!$E23 -> 113 | G23: Hot | H23: No Flooding | I23: 35.3 | J23: 9
A24: 2 | C24: 0.53125 | D24: Wednesday | E24: 122 | F24: =196-Sheet1!$E24 -> 74 | G24: Hot | H24: No Flooding | I24: 35.3 | J24: 9
A25: 2 | C25: 0.53472222 | D25: Wednesday | E25: 100 | F25: =196-Sheet1!$E25 -> 96 | G25: Hot | H25: No Flooding | I25: 35.3 | J25: 9
A26: 2 | C26: 0.53819444 | D26: Wednesday | E26: 149 | F26: =196-Sheet1!$E26 -> 47 | G26: Hot | H26: No Flooding | I26: 35.3 | J26: 9
A27: 3 | B27: 46282 | C27: 0.5 | D27: Thursday | E27: 45 | F27: =196-Sheet1!$E27 -> 151 | G27: Not Hot | H27: No Flooding | I27: 33.9 | J27: 7.9
A28: 3 | C28: 0.50347222 | D28: Thursday | E28: 38 | F28: =196-Sheet1!$E28 -> 158 | G28: Not Hot | H28: No Flooding | I28: 33.9 | J28: 7.9
A29: 3 | C29: 0.50694444 | D29: Thursday | E29: 2 | F29: =196-Sheet1!$E29 -> 194 | G29: Not Hot | H29: No Flooding | I29: 33.9 | J29: 7.9
A30: 3 | C30: 0.51041667 | D30: Thursday | E30: 2 | F30: =196-Sheet1!$E30 -> 194 | G30: Not Hot | H30: No Flooding | I30: 33.9 | J30: 7.9
A31: 3 | C31: 0.51388889 | D31: Thursday | E31: 18 | F31: =196-Sheet1!$E31 -> 178 | G31: Not Hot | H31: No Flooding | I31: 33.9 | J31: 7.9
A32: 3 | C32: 0.51736111 | D32: Thursday | E32: 21 | F32: =196-Sheet1!$E32 -> 175 | G32: Not Hot | H32: No Flooding | I32: 33.9 | J32: 7.9
A33: 3 | C33: 0.52083333 | D33: Thursday | E33: 55 | F33: =196-Sheet1!$E33 -> 141 | G33: Not Hot | H33: No Flooding | I33: 33.9 | J33: 7.9
A34: 3 | C34: 0.52430556 | D34: Thursday | E34: 67 | F34: =196-Sheet1!$E34 -> 129 | G34: Not Hot | H34: No Flooding | I34: 33.9 | J34: 7.9
A35: 3 | C35: 0.52777778 | D35: Thursday | E35: 87 | F35: =196-Sheet1!$E35 -> 109 | G35: Not Hot | H35: No Flooding | I35: 33.9 | J35: 7.9
A36: 3 | C36: 0.53125 | D36: Thursday | E36: 97 | F36: =196-Sheet1!$E36 -> 99 | G36: Not Hot | H36: No Flooding | I36: 33.9 | J36: 7.9
A37: 3 | C37: 0.53472222 | D37: Thursday | E37: 137 | F37: =196-Sheet1!$E37 -> 59 | G37: Not Hot | H37: No Flooding | I37: 33.9 | J37: 7.9
A38: 3 | C38: 0.53819444 | D38: Thursday | E38: 148 | F38: =196-Sheet1!$E38 -> 48 | G38: Not Hot | H38: No Flooding | I38: 33.9 | J38: 7.9
A39: 4 | B39: 46283 | C39: 0.5 | D39: Friday | E39: 102 | F39: =196-Sheet1!$E39 -> 94 | G39: Not Hot | H39: No Flooding | I39: 33.8 | J39: 0.4
A40: 4 | C40: 0.50347222 | D40: Friday | E40: 96 | F40: =196-Sheet1!$E40 -> 100 | G40: Not Hot | H40: No Flooding | I40: 33.8 | J40: 0.4
A41: 4 | C41: 0.50694444 | D41: Friday | E41: 81 | F41: =196-Sheet1!$E41 -> 115 | G41: Not Hot | H41: No Flooding | I41: 33.8 | J41: 0.4
A42: 4 | C42: 0.51041667 | D42: Friday | E42: 65 | F42: =196-Sheet1!$E42 -> 131 | G42: Not Hot | H42: No Flooding | I42: 33.8 | J42: 0.4
A43: 4 | C43: 0.51388889 | D43: Friday | E43: 61 | F43: =196-Sheet1!$E43 -> 135 | G43: Not Hot | H43: No Flooding | I43: 33.8 | J43: 0.4
A44: 4 | C44: 0.51736111 | D44: Friday | E44: 72 | F44: =196-Sheet1!$E44 -> 124 | G44: Not Hot | H44: No Flooding | I44: 33.8 | J44: 0.4
A45: 4 | C45: 0.52083333 | D45: Friday | E45: 89 | F45: =196-Sheet1!$E45 -> 107 | G45: Not Hot | H45: No Flooding | I45: 33.8 | J45: 0.4
A46: 4 | C46: 0.52430556 | D46: Friday | E46: 98 | F46: =196-Sheet1!$E46 -> 98 | G46: Not Hot | H46: No Flooding | I46: 33.8 | J46: 0.4
A47: 4 | C47: 0.52777778 | D47: Friday | E47: 125 | F47: =196-Sheet1!$E47 -> 71 | G47: Not Hot | H47: No Flooding | I47: 33.8 | J47: 0.4
A48: 4 | C48: 0.53125 | D48: Friday | E48: 119 | F48: =196-Sheet1!$E48 -> 77 | G48: Not Hot | H48: No Flooding | I48: 33.8 | J48: 0.4
A49: 4 | C49: 0.53472222 | D49: Friday | E49: 123 | F49: =196-Sheet1!$E49 -> 73 | G49: Not Hot | H49: No Flooding | I49: 33.8 | J49: 0.4
A50: 4 | C50: 0.53819444 | D50: Friday | E50: 136 | F50: =196-Sheet1!$E50 -> 60 | G50: Not Hot | H50: No Flooding | I50: 33.8 | J50: 0.4
A51: 5 | B51: 46286 | C51: 0.5 | D51: Monday | E51: 60 | F51: =196-Sheet1!$E51 -> 136 | G51: Not Hot | H51: No Flooding | I51: 33.5 | J51: 2.8
A52: 5 | C52: 0.50347222 | D52: Monday | E52: 32 | F52: =196-Sheet1!$E52 -> 164 | G52: Not Hot | H52: No Flooding | I52: 33.5 | J52: 2.8
A53: 5 | C53: 0.50694444 | D53: Monday | E53: 26 | F53: =196-Sheet1!$E53 -> 170 | G53: Not Hot | H53: No Flooding | I53: 33.5 | J53: 2.8
A54: 5 | C54: 0.51041667 | D54: Monday | E54: 21 | F54: =196-Sheet1!$E54 -> 175 | G54: Not Hot | H54: No Flooding | I54: 33.5 | J54: 2.8
A55: 5 | C55: 0.51388889 | D55: Monday | E55: 32 | F55: =196-Sheet1!$E55 -> 164 | G55: Not Hot | H55: No Flooding | I55: 33.5 | J55: 2.8
A56: 5 | C56: 0.51736111 | D56: Monday | E56: 38 | F56: =196-Sheet1!$E56 -> 158 | G56: Not Hot | H56: No Flooding | I56: 33.5 | J56: 2.8
A57: 5 | C57: 0.52083333 | D57: Monday | E57: 48 | F57: =196-Sheet1!$E57 -> 148 | G57: Not Hot | H57: No Flooding | I57: 33.5 | J57: 2.8
A58: 5 | C58: 0.52430556 | D58: Monday | E58: 51 | F58: =196-Sheet1!$E58 -> 145 | G58: Not Hot | H58: No Flooding | I58: 33.5 | J58: 2.8
A59: 5 | C59: 0.52777778 | D59: Monday | E59: 83 | F59: =196-Sheet1!$E59 -> 113 | G59: Not Hot | H59: No Flooding | I59: 33.5 | J59: 2.8
A60: 5 | C60: 0.53125 | D60: Monday | E60: 109 | F60: =196-Sheet1!$E60 -> 87 | G60: Not Hot | H60: No Flooding | I60: 33.5 | J60: 2.8
A61: 5 | C61: 0.53472222 | D61: Monday | E61: 129 | F61: =196-Sheet1!$E61 -> 67 | G61: Not Hot | H61: No Flooding | I61: 33.5 | J61: 2.8
A62: 5 | C62: 0.53819444 | D62: Monday | E62: 143 | F62: =196-Sheet1!$E62 -> 53 | G62: Not Hot | H62: No Flooding | I62: 33.5 | J62: 2.8
A63: 6 | B63: 46287 | C63: 0.5 | D63: Tuesday | E63: 52 | F63: =196-Sheet1!$E63 -> 144 | G63: Not Hot | H63: No Flooding | I63: 32 | J63: 0.1
A64: 6 | C64: 0.50347222 | D64: Tuesday | E64: 32 | F64: =196-Sheet1!$E64 -> 164 | G64: Not Hot | H64: No Flooding | I64: 32 | J64: 0.1
A65: 6 | C65: 0.50694444 | D65: Tuesday | E65: 24 | F65: =196-Sheet1!$E65 -> 172 | G65: Not Hot | H65: No Flooding | I65: 32 | J65: 0.1
A66: 6 | C66: 0.51041667 | D66: Tuesday | E66: 20 | F66: =196-Sheet1!$E66 -> 176 | G66: Not Hot | H66: No Flooding | I66: 32 | J66: 0.1
A67: 6 | C67: 0.51388889 | D67: Tuesday | E67: 31 | F67: =196-Sheet1!$E67 -> 165 | G67: Not Hot | H67: No Flooding | I67: 32 | J67: 0.1
A68: 6 | C68: 0.51736111 | D68: Tuesday | E68: 49 | F68: =196-Sheet1!$E68 -> 147 | G68: Not Hot | H68: No Flooding | I68: 32 | J68: 0.1
A69: 6 | C69: 0.52083333 | D69: Tuesday | E69: 75 | F69: =196-Sheet1!$E69 -> 121 | G69: Not Hot | H69: No Flooding | I69: 32 | J69: 0.1
A70: 6 | C70: 0.52430556 | D70: Tuesday | E70: 95 | F70: =196-Sheet1!$E70 -> 101 | G70: Not Hot | H70: No Flooding | I70: 32 | J70: 0.1
A71: 6 | C71: 0.52777778 | D71: Tuesday | E71: 107 | F71: =196-Sheet1!$E71 -> 89 | G71: Not Hot | H71: No Flooding | I71: 32 | J71: 0.1
A72: 6 | C72: 0.53125 | D72: Tuesday | E72: 120 | F72: =196-Sheet1!$E72 -> 76 | G72: Not Hot | H72: No Flooding | I72: 32 | J72: 0.1
A73: 6 | C73: 0.53472222 | D73: Tuesday | E73: 133 | F73: =196-Sheet1!$E73 -> 63 | G73: Not Hot | H73: No Flooding | I73: 32 | J73: 0.1
A74: 6 | C74: 0.53819444 | D74: Tuesday | E74: 139 | F74: =196-Sheet1!$E74 -> 57 | G74: Not Hot | H74: No Flooding | I74: 32 | J74: 0.1
A75: 7 | B75: 46288 | C75: 0.5 | D75: Wednesday | E75: 38 | F75: =196-Sheet1!$E75 -> 158 | G75: Not Hot | H75: No Flooding | I75: 33.5 | J75: 5.1
A76: 7 | C76: 0.50347222 | D76: Wednesday | E76: 24 | F76: =196-Sheet1!$E76 -> 172 | G76: Not Hot | H76: No Flooding | I76: 33.5 | J76: 5.1
A77: 7 | C77: 0.50694444 | D77: Wednesday | E77: 21 | F77: =196-Sheet1!$E77 -> 175 | G77: Not Hot | H77: No Flooding | I77: 33.5 | J77: 5.1
A78: 7 | C78: 0.51041667 | D78: Wednesday | E78: 16 | F78: =196-Sheet1!$E78 -> 180 | G78: Not Hot | H78: No Flooding | I78: 33.5 | J78: 5.1
A79: 7 | C79: 0.51388889 | D79: Wednesday | E79: 17 | F79: =196-Sheet1!$E79 -> 179 | G79: Not Hot | H79: No Flooding | I79: 33.5 | J79: 5.1
A80: 7 | C80: 0.51736111 | D80: Wednesday | E80: 29 | F80: =196-Sheet1!$E80 -> 167 | G80: Not Hot | H80: No Flooding | I80: 33.5 | J80: 5.1
A81: 7 | C81: 0.52083333 | D81: Wednesday | E81: 56 | F81: =196-Sheet1!$E81 -> 140 | G81: Not Hot | H81: No Flooding | I81: 33.5 | J81: 5.1
A82: 7 | C82: 0.52430556 | D82: Wednesday | E82: 77 | F82: =196-Sheet1!$E82 -> 119 | G82: Not Hot | H82: No Flooding | I82: 33.5 | J82: 5.1
A83: 7 | C83: 0.52777778 | D83: Wednesday | E83: 106 | F83: =196-Sheet1!$E83 -> 90 | G83: Not Hot | H83: No Flooding | I83: 33.5 | J83: 5.1
A84: 7 | C84: 0.53125 | D84: Wednesday | E84: 122 | F84: =196-Sheet1!$E84 -> 74 | G84: Not Hot | H84: No Flooding | I84: 33.5 | J84: 5.1
A85: 7 | C85: 0.53472222 | D85: Wednesday | E85: 146 | F85: =196-Sheet1!$E85 -> 50 | G85: Not Hot | H85: No Flooding | I85: 33.5 | J85: 5.1
A86: 7 | C86: 0.53819444 | D86: Wednesday | E86: 158 | F86: =196-Sheet1!$E86 -> 38 | G86: Not Hot | H86: No Flooding | I86: 33.5 | J86: 5.1
A87: 8 | B87: 46289 | C87: 0.5 | D87: Thursday | E87: 32 | F87: =196-Sheet1!$E87 -> 164 | G87: Not Hot | H87: No Flooding | I87: 32.8 | J87: 9.5
A88: 8 | C88: 0.50347222 | D88: Thursday | E88: 21 | F88: =196-Sheet1!$E88 -> 175 | G88: Not Hot | H88: No Flooding | I88: 32.8 | J88: 9.5
A89: 8 | C89: 0.50694444 | D89: Thursday | E89: 20 | F89: =196-Sheet1!$E89 -> 176 | G89: Not Hot | H89: No Flooding | I89: 32.8 | J89: 9.5
A90: 8 | C90: 0.51041667 | D90: Thursday | E90: 23 | F90: =196-Sheet1!$E90 -> 173 | G90: Not Hot | H90: No Flooding | I90: 32.8 | J90: 9.5
A91: 8 | C91: 0.51388889 | D91: Thursday | E91: 29 | F91: =196-Sheet1!$E91 -> 167 | G91: Not Hot | H91: No Flooding | I91: 32.8 | J91: 9.5
A92: 8 | C92: 0.51736111 | D92: Thursday | E92: 37 | F92: =196-Sheet1!$E92 -> 159 | G92: Not Hot | H92: No Flooding | I92: 32.8 | J92: 9.5
A93: 8 | C93: 0.52083333 | D93: Thursday | E93: 64 | F93: =196-Sheet1!$E93 -> 132 | G93: Not Hot | H93: No Flooding | I93: 32.8 | J93: 9.5
A94: 8 | C94: 0.52430556 | D94: Thursday | E94: 84 | F94: =196-Sheet1!$E94 -> 112 | G94: Not Hot | H94: No Flooding | I94: 32.8 | J94: 9.5
A95: 8 | C95: 0.52777778 | D95: Thursday | E95: 102 | F95: =196-Sheet1!$E95 -> 94 | G95: Not Hot | H95: No Flooding | I95: 32.8 | J95: 9.5
A96: 8 | C96: 0.53125 | D96: Thursday | E96: 134 | F96: =196-Sheet1!$E96 -> 62 | G96: Not Hot | H96: No Flooding | I96: 32.8 | J96: 9.5
A97: 8 | C97: 0.53472222 | D97: Thursday | E97: 145 | F97: =196-Sheet1!$E97 -> 51 | G97: Not Hot | H97: No Flooding | I97: 32.8 | J97: 9.5
A98: 8 | C98: 0.53819444 | D98: Thursday | E98: 85 | F98: =196-Sheet1!$E98 -> 111 | G98: Not Hot | H98: No Flooding | I98: 32.8 | J98: 9.5
A99: 9 | B99: 46290 | C99: 0.5 | D99: Friday | E99: 150 | F99: =196-Sheet1!$E99 -> 46 | G99: Not Hot | H99: Continuous Rain | I99: 29 | J99: 84.4
A100: 9 | C100: 0.50347222 | D100: Friday | E100: 126 | F100: =196-Sheet1!$E100 -> 70 | G100: Not Hot | H100: Continuous Rain | I100: 29 | J100: 84.4
...
